Source,Target
RassegnataS,Agenzia_Ansa
akuratco,tanyakanrl
ermedia8e,neohistoria_id
akuratco,tanyakanrl
fleurosesx,tanyakanrl
desireerugani,Dior
hikunnoona,kdrama_menfess
idlelicates,westenthu
satriarafisky,tanyarlfes
zzzzzlayz,tanyarlfes
2021_drika,SergioAJBarrett
1dhesgucci,rrysbunny
JaneAdams95,DanelBenNamer
Rafay_ali32,jacksonhinklle
imu07280300033,jakeshieldsajj
lunacrescenteee,jacksonhinklle
shidacullenn,Amrlamnnn
georgegalloway,"Dior, GayatriGalloway"
mizznwhen,Amrlamnnn
MariaShanati,CensoredMen
itx_oky,CensoredMen
abdulmatawali,CensoredMen
yoursglden,siteptbr
GynoRazz07,jacksonhinklle
batariikth_,enginafess
mklshtr,convomf
narxncia,aimzleonie
aamer22000,Naila_Ayad
sulkycatz,nemahsis
fiddlewiddler,JAILEYSWRLD
terriblekid_,SaeedDiCaprio
LordeUpdatesBR,nemahsis
grdensofbabyIon,westenthu
DufanNarukami_,tubbirfess
destineybleu,dbleudazzled
lyle0_0,adidas
cyberwarrior52,zero_logout
PiersUncensored,"byoussef, piersmorgan"
